Month,AdvertisingExpenditure,SalesRevenue
1,4269.999278,5181.270764
2,1898.427379,7476.176785
3,2189.03416,6190.14904
4,1810.776109,8978.326118
5,3974.220125,6919.517481
6,4415.436856,8375.636817
7,3045.114184,7084.655943
8,1523.20046,7001.930689
9,4952.372992,8431.256969
10,1787.505702,8264.626147
11,4512.123833,6389.548002
12,1665.55445,5674.184699